Date,Close,High,Low,Open,Volume,asset,ticker,pct_change,Close,High,Low,Open,Volume,Close,High,Low,Open,Volume,Close,High,Low,Open,Volume,Close,High,Low,Open,Volume
,^GSPC,^GSPC,^GSPC,^GSPC,^GSPC,,,,^IXIC,^IXIC,^IXIC,^IXIC,^IXIC,BTC-USD,BTC-USD,BTC-USD,BTC-USD,BTC-USD,GC=F,GC=F,GC=F,GC=F,GC=F,CL=F,CL=F,CL=F,CL=F,CL=F
2025-04-28,5528.75,5553.66015625,5468.64013671875,5529.22021484375,4257880000.0,S&P 500,^GSPC,,,,,,,,,,,,,,,,,,,,,
2025-04-29,5560.830078125,5571.9501953125,5505.7001953125,5508.8701171875,4747150000.0,S&P 500,^GSPC,0.005802410694099036,,,,,,,,,,,,,,,,,,,,
2025-04-30,5569.06005859375,5581.83984375,5433.240234375,5499.43994140625,5449490000.0,S&P 500,^GSPC,0.00147999135976562,,,,,,,,,,,,,,,,,,,,
2025-05-01,5604.14013671875,5658.91015625,5597.35009765625,5625.14013671875,4935270000.0,S&P 500,^GSPC,0.006299102138585644,,,,,,,,,,,,,,,,,,,,
2025-05-02,5686.669921875,5700.7001953125,5642.27978515625,5645.8798828125,4854380000.0,S&P 500,^GSPC,0.01472657412963474,,,,,,,,,,,,,,,,,,,,
2025-05-05,5650.3798828125,5683.3798828125,5634.47998046875,5655.31982421875,4358260000.0,S&P 500,^GSPC,-0.006381597588933863,,,,,,,,,,,,,,,,,,,,
2025-05-06,5606.91015625,5649.580078125,5586.0400390625,5605.8701171875,4717260000.0,S&P 500,^GSPC,-0.007693239651855532,,,,,,,,,,,,,,,,,,,,
2025-05-07,5631.27978515625,5654.72998046875,5578.64013671875,5614.18017578125,4987440000.0,S&P 500,^GSPC,0.00434635623313584,,,,,,,,,,,,,,,,,,,,
2025-05-08,5663.93994140625,5720.10009765625,5635.3798828125,5663.60009765625,5627400000.0,S&P 500,^GSPC,0.005799775094835535,,,,,,,,,,,,,,,,,,,,
2025-05-09,5659.91015625,5691.68994140625,5644.14990234375,5679.64990234375,4645090000.0,S&P 500,^GSPC,-0.0007114809122162891,,,,,,,,,,,,,,,,,,,,
2025-05-12,5844.18994140625,5845.3701171875,5786.080078125,5807.2001953125,6014580000.0,S&P 500,^GSPC,0.032558782749008364,,,,,,,,,,,,,,,,,,,,
2025-05-13,5886.5498046875,5906.64013671875,5845.02001953125,5854.14990234375,5516290000.0,S&P 500,^GSPC,0.0072482009835321826,,,,,,,,,,,,,,,,,,,,
2025-05-14,5892.580078125,5906.5498046875,5872.10986328125,5896.740234375,5233450000.0,S&P 500,^GSPC,0.001024415597859818,,,,,,,,,,,,,,,,,,,,
2025-05-15,5916.93017578125,5924.2099609375,5865.16015625,5869.81982421875,4991290000.0,S&P 500,^GSPC,0.004132332074135769,,,,,,,,,,,,,,,,,,,,
2025-05-16,5958.3798828125,5958.6201171875,5907.35986328125,5929.08984375,4850850000.0,S&P 500,^GSPC,0.007005272294898557,,,,,,,,,,,,,,,,,,,,
2025-05-19,5963.60009765625,5968.60986328125,5895.68994140625,5902.8798828125,4144010000.0,S&P 500,^GSPC,0.0008761131291423752,,,,,,,,,,,,,,,,,,,,
2025-05-20,5940.4599609375,5953.06005859375,5909.259765625,5944.66015625,4416850000.0,S&P 500,^GSPC,-0.0038802294486252054,,,,,,,,,,,,,,,,,,,,
2025-05-21,5844.60986328125,5938.3701171875,5830.91015625,5910.18017578125,5254250000.0,S&P 500,^GSPC,-0.01613513066101424,,,,,,,,,,,,,,,,,,,,
2025-05-22,5842.009765625,5878.080078125,5825.81982421875,5841.259765625,5157050000.0,S&P 500,^GSPC,-0.00044487103794299543,,,,,,,,,,,,,,,,,,,,
2025-05-23,5802.81982421875,5829.509765625,5767.41015625,5781.89013671875,4662820000.0,S&P 500,^GSPC,-0.006708297825321674,,,,,,,,,,,,,,,,,,,,
2025-05-27,5921.5400390625,5924.330078125,5854.06982421875,5854.06982421875,5366380000.0,S&P 500,^GSPC,0.0204590558452733,,,,,,,,,,,,,,,,,,,,
2025-05-28,5888.5498046875,5939.919921875,5881.8798828125,5925.5400390625,4665050000.0,S&P 500,^GSPC,-0.005571225417268844,,,,,,,,,,,,,,,,,,,,
2025-05-29,5912.169921875,5943.1298828125,5873.7998046875,5939.9599609375,4569750000.0,S&P 500,^GSPC,0.004011194261904327,,,,,,,,,,,,,,,,,,,,
2025-05-30,5911.68994140625,5922.14013671875,5843.66015625,5903.669921875,6378540000.0,S&P 500,^GSPC,-8.118516130162234e-05,,,,,,,,,,,,,,,,,,,,
2025-06-02,5935.93994140625,5937.39990234375,5861.43017578125,5896.68017578125,4832240000.0,S&P 500,^GSPC,0.0041020419271569075,,,,,,,,,,,,,,,,,,,,
2025-06-03,5970.3701171875,5981.35009765625,5929.0,5938.56005859375,5026680000.0,S&P 500,^GSPC,0.005800290454605506,,,,,,,,,,,,,,,,,,,,
2025-06-04,5970.81005859375,5990.47998046875,5966.10986328125,5978.93994140625,4767050000.0,S&P 500,^GSPC,7.36874595066439e-05,,,,,,,,,,,,,,,,,,,,
2025-06-05,5939.2998046875,5999.7001953125,5921.2001953125,5985.669921875,5091850000.0,S&P 500,^GSPC,-0.005277383403094138,,,,,,,,,,,,,,,,,,,,
2025-06-06,6000.35986328125,6016.8701171875,5978.6298828125,5987.06005859375,4355710000.0,S&P 500,^GSPC,0.010280683010067904,,,,,,,,,,,,,,,,,,,,
2025-06-09,6005.8798828125,6021.31005859375,5994.18017578125,6004.6298828125,4642360000.0,S&P 500,^GSPC,0.0009199480792858594,,,,,,,,,,,,,,,,,,,,
2025-06-10,6038.81005859375,6043.009765625,6000.27978515625,6009.91015625,4882880000.0,S&P 500,^GSPC,0.00548298940767844,,,,,,,,,,,,,,,,,,,,
2025-06-11,6022.240234375,6059.39990234375,6002.31982421875,6049.3798828125,5111550000.0,S&P 500,^GSPC,-0.002743888954607865,,,,,,,,,,,,,,,,,,,,
2025-06-12,6045.259765625,6045.43017578125,6003.8798828125,6009.89990234375,4669500000.0,S&P 500,^GSPC,0.0038224199557175265,,,,,,,,,,,,,,,,,,,,
2025-06-13,5976.97021484375,6026.16015625,5963.2099609375,6000.56005859375,5258910000.0,S&P 500,^GSPC,-0.011296379879250695,,,,,,,,,,,,,,,,,,,,
2025-06-16,6033.10986328125,6050.830078125,6004.0,6004.0,5111710000.0,S&P 500,^GSPC,0.009392659896159117,,,,,,,,,,,,,,,,,,,,
2025-06-17,5982.72021484375,6023.25,5974.7998046875,6012.14990234375,4955700000.0,S&P 500,^GSPC,-0.008352184790166306,,,,,,,,,,,,,,,,,,,,
2025-06-18,5980.8701171875,6018.25,5971.89013671875,5987.93017578125,5106470000.0,S&P 500,^GSPC,-0.0003092402101070313,,,,,,,,,,,,,,,,,,,,
2025-06-20,5967.83984375,6018.2001953125,5952.56005859375,5999.669921875,7451500000.0,S&P 500,^GSPC,-0.002178658486505891,,,,,,,,,,,,,,,,,,,,
2025-06-23,6025.169921875,6028.77001953125,5943.22998046875,5969.669921875,5597000000.0,S&P 500,^GSPC,0.009606504133156335,,,,,,,,,,,,,,,,,,,,
2025-06-24,6092.18017578125,6101.759765625,6059.25,6061.2099609375,5443690000.0,S&P 500,^GSPC,0.01112172017970181,,,,,,,,,,,,,,,,,,,,
2025-04-28,,,,,,NASDAQ,^IXIC,,17366.130859375,17467.349609375,17128.7109375,17390.9296875,10313290000.0,,,,,,,,,,,,,,,
2025-04-29,,,,,,NASDAQ,^IXIC,0.005481327642628653,17461.3203125,17500.419921875,17256.19921875,17270.759765625,13001930000.0,,,,,,,,,,,,,,,
2025-04-30,,,,,,NASDAQ,^IXIC,-0.0008579230254012193,17446.33984375,17483.8203125,16959.529296875,17099.98046875,8595330000.0,,,,,,,,,,,,,,,
2025-05-01,,,,,,NASDAQ,^IXIC,0.015155063640452937,17710.740234375,17922.830078125,17688.109375,17793.140625,8409690000.0,,,,,,,,,,,,,,,
2025-05-02,,,,,,NASDAQ,^IXIC,0.015075046601202846,17977.73046875,18048.830078125,17812.0390625,17868.759765625,8180190000.0,,,,,,,,,,,,,,,
2025-05-05,,,,,,NASDAQ,^IXIC,-0.00742531069797947,17844.240234375,17965.640625,17792.080078125,17817.009765625,7075320000.0,,,,,,,,,,,,,,,
2025-05-06,,,,,,NASDAQ,^IXIC,-0.008662743613326751,17689.66015625,17830.349609375,17592.880859375,17623.2109375,6958220000.0,,,,,,,,,,,,,,,
2025-05-07,,,,,,NASDAQ,^IXIC,0.00274171462716688,17738.16015625,17820.2890625,17503.009765625,17706.830078125,7977870000.0,,,,,,,,,,,,,,,
2025-05-08,,,,,,NASDAQ,^IXIC,0.010710269107760961,17928.140625,18096.0,17776.0,17920.150390625,8500390000.0,,,,,,,,,,,,,,,
2025-05-09,,,,,,NASDAQ,^IXIC,4.346780245101378e-05,17928.919921875,18068.900390625,17853.83984375,18022.55078125,8835140000.0,,,,,,,,,,,,,,,
2025-05-12,,,,,,NASDAQ,^IXIC,0.043472776122114976,18708.33984375,18710.220703125,18472.7109375,18674.560546875,10717670000.0,,,,,,,,,,,,,,,
2025-05-13,,,,,,NASDAQ,^IXIC,0.016129170333668563,19010.08984375,19065.9609375,18745.5,18761.23046875,9242230000.0,,,,,,,,,,,,,,,
2025-05-14,,,,,,NASDAQ,^IXIC,0.007192007205055306,19146.810546875,19174.55078125,19023.609375,19074.720703125,11744820000.0,,,,,,,,,,,,,,,
2025-05-15,,,,,,NASDAQ,^IXIC,-0.001801356643215457,19112.3203125,19207.220703125,18967.779296875,19031.240234375,10546350000.0,,,,,,,,,,,,,,,
2025-05-16,,,,,,NASDAQ,^IXIC,0.005168357125659773,19211.099609375,19213.419921875,19038.48046875,19151.5390625,10509820000.0,,,,,,,,,,,,,,,
2025-05-19,,,,,,NASDAQ,^IXIC,0.000227021264460614,19215.4609375,19227.220703125,18937.419921875,18937.419921875,13080030000.0,,,,,,,,,,,,,,,
2025-05-20,,,,,,NASDAQ,^IXIC,-0.00378601378528598,19142.7109375,19186.689453125,19015.630859375,19132.060546875,9047100000.0,,,,,,,,,,,,,,,
2025-05-21,,,,,,NASDAQ,^IXIC,-0.01410825840612473,18872.640625,19241.41015625,18799.19921875,19002.939453125,11112460000.0,,,,,,,,,,,,,,,
2025-05-22,,,,,,NASDAQ,^IXIC,0.0028135760347527405,18925.740234375,19061.109375,18840.33984375,18888.05078125,8289710000.0,,,,,,,,,,,,,,,
2025-05-23,,,,,,NASDAQ,^IXIC,-0.009961528296397737,18737.2109375,18841.51953125,18599.689453125,18622.380859375,8730370000.0,,,,,,,,,,,,,,,
2025-05-27,,,,,,NASDAQ,^IXIC,0.024654107822710714,19199.16015625,19210.94921875,18961.689453125,19014.439453125,93974540000.0,,,,,,,,,,,,,,,
2025-05-28,,,,,,NASDAQ,^IXIC,-0.00511588539944674,19100.939453125,19276.830078125,19084.380859375,19232.619140625,8087530000.0,,,,,,,,,,,,,,,
2025-05-29,,,,,,NASDAQ,^IXIC,0.003922827339664758,19175.869140625,19389.390625,19091.5390625,19389.390625,11016850000.0,,,,,,,,,,,,,,,
2025-05-30,,,,,,NASDAQ,^IXIC,-0.0032384247576783265,19113.76953125,19157.779296875,18847.740234375,19131.220703125,9042260000.0,,,,,,,,,,,,,,,
2025-06-02,,,,,,NASDAQ,^IXIC,0.006740682079448224,19242.609375,19252.7109375,18985.30078125,19063.060546875,7779940000.0,,,,,,,,,,,,,,,
2025-06-03,,,,,,NASDAQ,^IXIC,0.008125278617521214,19398.9609375,19459.279296875,19224.69921875,19288.66015625,7990230000.0,,,,,,,,,,,,,,,
2025-06-04,,,,,,NASDAQ,^IXIC,0.0031717831214381764,19460.490234375,19493.44921875,19359.08984375,19434.939453125,7695660000.0,,,,,,,,,,,,,,,
2025-06-05,,,,,,NASDAQ,^IXIC,-0.008326666680717576,19298.44921875,19610.509765625,19226.220703125,19518.19921875,8782360000.0,,,,,,,,,,,,,,,
2025-06-06,,,,,,NASDAQ,^IXIC,0.011995782530291654,19529.94921875,19593.1796875,19464.83984375,19526.990234375,7291590000.0,,,,,,,,,,,,,,,
2025-06-09,,,,,,NASDAQ,^IXIC,0.003138309011380125,19591.240234375,19637.560546875,19531.099609375,19573.140625,9538700000.0,,,,,,,,,,,,,,,
2025-06-10,,,,,,NASDAQ,^IXIC,0.006316598567499998,19714.990234375,19730.380859375,19539.08984375,19620.109375,11221560000.0,,,,,,,,,,,,,,,
2025-06-11,,,,,,NASDAQ,^IXIC,-0.005027107486322402,19615.880859375,19800.4609375,19551.349609375,19779.359375,10214190000.0,,,,,,,,,,,,,,,
2025-06-12,,,,,,NASDAQ,^IXIC,0.002376104103309906,19662.490234375,19690.609375,19553.560546875,19578.869140625,16308730000.0,,,,,,,,,,,,,,,
2025-06-13,,,,,,NASDAQ,^IXIC,-0.013002430170469537,19406.830078125,19591.869140625,19367.419921875,19450.9296875,9001850000.0,,,,,,,,,,,,,,,
2025-06-16,,,,,,NASDAQ,^IXIC,0.015168930638848721,19701.2109375,19733.310546875,19550.75,19550.75,9619130000.0,,,,,,,,,,,,,,,
2025-06-17,,,,,,NASDAQ,^IXIC,-0.009142640740278152,19521.08984375,19666.560546875,19485.439453125,19627.080078125,8519930000.0,,,,,,,,,,,,,,,
2025-06-18,,,,,,NASDAQ,^IXIC,0.0012898709908895079,19546.26953125,19660.76953125,19489.560546875,19526.919921875,7818790000.0,,,,,,,,,,,,,,,
2025-06-20,,,,,,NASDAQ,^IXIC,-0.00505771062053284,19447.41015625,19696.109375,19380.580078125,19639.41015625,9969140000.0,,,,,,,,,,,,,,,
2025-06-23,,,,,,NASDAQ,^IXIC,0.009438817066138139,19630.970703125,19643.69921875,19334.98046875,19427.009765625,9088000000.0,,,,,,,,,,,,,,,
2025-06-24,,,,,,NASDAQ,^IXIC,0.01434257113455839,19912.529296875,19946.720703125,19795.2890625,19809.619140625,8330090000.0,,,,,,,,,,,,,,,
2025-04-26,,,,,,Bitcoin,BTC-USD,,,,,,,94646.9296875,95251.359375,93927.25,94714.6484375,17612825123.0,,,,,,,,,,
2025-04-27,,,,,,Bitcoin,BTC-USD,-0.00942540809771053,,,,,,93754.84375,95301.203125,93665.3984375,94660.90625,18090367764.0,,,,,,,,,,
2025-04-28,,,,,,Bitcoin,BTC-USD,0.013054325526514532,,,,,,94978.75,95598.4921875,92860.8046875,93755.3046875,32363449569.0,,,,,,,,,,
2025-04-29,,,,,,Bitcoin,BTC-USD,-0.007306486319308303,,,,,,94284.7890625,95485.4140625,93796.6328125,94981.859375,25806129921.0,,,,,,,,,,
2025-04-30,,,,,,Bitcoin,BTC-USD,-0.0008217291810309613,,,,,,94207.3125,95249.3203125,92979.640625,94286.46875,28344679831.0,,,,,,,,,,
2025-05-01,,,,,,Bitcoin,BTC-USD,0.02425526614507767,,,,,,96492.3359375,97437.9609375,94153.6328125,94212.859375,32875889623.0,,,,,,,,,,
2025-05-02,,,,,,Bitcoin,BTC-USD,0.0043291974532626565,,,,,,96910.0703125,97905.8984375,96375.9453125,96494.96875,26421924677.0,,,,,,,,,,
2025-05-03,,,,,,Bitcoin,BTC-USD,-0.010507405827035687,,,,,,95891.796875,96943.8828125,95821.2890625,96904.6328125,15775154889.0,,,,,,,,,,
2025-05-04,,,,,,Bitcoin,BTC-USD,-0.016433317174712747,,,,,,94315.9765625,96318.921875,94173.4296875,95877.1875,18198688416.0,,,,,,,,,,
2025-05-05,,,,,,Bitcoin,BTC-USD,0.0045811763897039,,,,,,94748.0546875,95193.1875,93566.265625,94319.5625,25816260327.0,,,,,,,,,,
2025-05-06,,,,,,Bitcoin,BTC-USD,0.02168299794413664,,,,,,96802.4765625,96889.1796875,93399.859375,94748.3828125,26551275827.0,,,,,,,,,,
2025-05-07,,,,,,Bitcoin,BTC-USD,0.0023743581586117557,,,,,,97032.3203125,97625.8046875,95829.3359375,96800.1953125,76983822462.0,,,,,,,,,,
2025-05-08,,,,,,Bitcoin,BTC-USD,0.06399043746457878,,,,,,103241.4609375,103969.5390625,96913.875,97034.25,69895404397.0,,,,,,,,,,
2025-05-09,,,,,,Bitcoin,BTC-USD,-0.002621130818400763,,,,,,102970.8515625,104297.4921875,102343.09375,103239.125,58198593958.0,,,,,,,,,,
2025-05-10,,,,,,Bitcoin,BTC-USD,0.016756941758927724,,,,,,104696.328125,104961.765625,102830.484375,102973.7109375,42276713994.0,,,,,,,,,,
2025-05-11,,,,,,Bitcoin,BTC-USD,-0.005635047193781384,,,,,,104106.359375,104937.9921875,103364.7421875,104701.0703125,46285517406.0,,,,,,,,,,
2025-05-12,,,,,,Bitcoin,BTC-USD,-0.01242389281274392,,,,,,102812.953125,105747.453125,100814.40625,104106.9609375,63250475404.0,,,,,,,,,,
2025-05-13,,,,,,Bitcoin,BTC-USD,0.013197358248725033,,,,,,104169.8125,104997.421875,101515.09375,102812.4921875,52608876410.0,,,,,,,,,,
2025-05-14,,,,,,Bitcoin,BTC-USD,-0.006051642240404331,,,,,,103539.4140625,104303.5625,102618.296875,104167.328125,45956071155.0,,,,,,,,,,
2025-05-15,,,,,,Bitcoin,BTC-USD,0.00198211052629782,,,,,,103744.640625,104153.6171875,101440.8125,103538.828125,50408241840.0,,,,,,,,,,
2025-05-16,,,,,,Bitcoin,BTC-USD,-0.0024613470244020386,,,,,,103489.2890625,104533.484375,103137.4765625,103735.65625,44386499364.0,,,,,,,,,,
2025-05-17,,,,,,Bitcoin,BTC-USD,-0.0028814878109744146,,,,,,103191.0859375,103716.9453125,102659.1796875,103489.2890625,37898552742.0,,,,,,,,,,
2025-05-18,,,,,,Bitcoin,BTC-USD,0.03154266519659865,,,,,,106446.0078125,106597.171875,103142.6015625,103186.953125,49887082058.0,,,,,,,,,,
2025-05-19,,,,,,Bitcoin,BTC-USD,-0.007889709931436006,,,,,,105606.1796875,107068.71875,102112.6875,106430.53125,61761126647.0,,,,,,,,,,
2025-05-20,,,,,,Bitcoin,BTC-USD,0.011220046530480143,,,,,,106791.0859375,107307.1171875,104206.515625,105605.40625,36515726122.0,,,,,,,,,,
2025-05-21,,,,,,Bitcoin,BTC-USD,0.027034018449719976,,,,,,109678.078125,110724.4609375,106127.234375,106791.3125,78086364051.0,,,,,,,,,,
2025-05-22,,,,,,Bitcoin,BTC-USD,0.018191448638679386,,,,,,111673.28125,111970.171875,109285.0703125,109673.4921875,70157575642.0,,,,,,,,,,
2025-05-23,,,,,,Bitcoin,BTC-USD,-0.03927066820202352,,,,,,107287.796875,111798.90625,106841.3046875,111679.359375,67548133399.0,,,,,,,,,,
2025-05-24,,,,,,Bitcoin,BTC-USD,0.004691674073487251,,,,,,107791.15625,109454.5234375,106895.2890625,107278.5078125,45903627163.0,,,,,,,,,,
2025-05-25,,,,,,Bitcoin,BTC-USD,0.011543009819045436,,,,,,109035.390625,109313.3046875,106683.375,107802.2734375,47518041841.0,,,,,,,,,,
2025-05-26,,,,,,Bitcoin,BTC-USD,0.003714175371671846,,,,,,109440.3671875,110376.8828125,108735.640625,109023.78125,45950461571.0,,,,,,,,,,
2025-05-27,,,,,,Bitcoin,BTC-USD,-0.004072780217708405,,,,,,108994.640625,110744.2109375,107609.5546875,109440.40625,57450176272.0,,,,,,,,,,
2025-05-28,,,,,,Bitcoin,BTC-USD,-0.010939184653144474,,,,,,107802.328125,109298.2890625,106812.9296875,108992.171875,49155377493.0,,,,,,,,,,
2025-05-29,,,,,,Bitcoin,BTC-USD,-0.020041963379443528,,,,,,105641.7578125,108910.046875,105374.3984375,107795.5703125,56022752042.0,,,,,,,,,,
2025-05-30,,,,,,Bitcoin,BTC-USD,-0.015554336978341854,,,,,,103998.5703125,106308.9453125,103685.7890625,105646.2109375,57655287183.0,,,,,,,,,,
2025-05-31,,,,,,Bitcoin,BTC-USD,0.006149348357177731,,,,,,104638.09375,104927.1015625,103136.1171875,103994.71875,38997843858.0,,,,,,,,,,
2025-06-01,,,,,,Bitcoin,BTC-USD,0.009690618169351017,,,,,,105652.1015625,105884.546875,103826.953125,104637.296875,37397056873.0,,,,,,,,,,
2025-06-02,,,,,,Bitcoin,BTC-USD,0.0021715582000447764,,,,,,105881.53125,105958.3125,103727.546875,105649.8125,45819706290.0,,,,,,,,,,
2025-06-03,,,,,,Bitcoin,BTC-USD,-0.004241178746647534,,,,,,105432.46875,106813.578125,104920.84375,105888.4765625,46196508367.0,,,,,,,,,,
2025-06-04,,,,,,Bitcoin,BTC-USD,-0.0066439151364365845,,,,,,104731.984375,105997.6953125,104232.703125,105434.3671875,44544857105.0,,,,,,,,,,
2025-06-05,,,,,,Bitcoin,BTC-USD,-0.030134359325224014,,,,,,101575.953125,105936.6875,100436.8828125,104750.78125,57479298400.0,,,,,,,,,,
2025-06-06,,,,,,Bitcoin,BTC-USD,0.027707252931573167,,,,,,104390.34375,105376.7734375,101169.5703125,101574.3671875,48856653697.0,,,,,,,,,,
2025-06-07,,,,,,Bitcoin,BTC-USD,0.011737496074678777,,,,,,105615.625,105972.7578125,103987.3125,104390.6484375,38365033776.0,,,,,,,,,,
2025-06-08,,,,,,Bitcoin,BTC-USD,0.0016855786016509722,,,,,,105793.6484375,106497.0625,105075.328125,105617.5078125,36626232328.0,,,,,,,,,,
2025-06-09,,,,,,Bitcoin,BTC-USD,0.04253991795791734,,,,,,110294.1015625,110561.421875,105400.234375,105793.0234375,55903193732.0,,,,,,,,,,
2025-06-10,,,,,,Bitcoin,BTC-USD,-0.0003342625487465778,,,,,,110257.234375,110380.125,108367.7109375,110295.6875,54700101509.0,,,,,,,,,,
2025-06-11,,,,,,Bitcoin,BTC-USD,-0.014244955298426398,,,,,,108686.625,110384.21875,108086.328125,110261.796875,50842662052.0,,,,,,,,,,
2025-06-12,,,,,,Bitcoin,BTC-USD,-0.025371753999169577,,,,,,105929.0546875,108780.6953125,105785.6875,108685.9140625,54843867968.0,,,,,,,,,,
2025-06-13,,,,,,Bitcoin,BTC-USD,0.0015285141831733462,,,,,,106090.96875,106182.546875,102822.0234375,105924.59375,69550440846.0,,,,,,,,,,
2025-06-14,,,,,,Bitcoin,BTC-USD,-0.0058304915798971235,,,,,,105472.40625,106203.7578125,104379.3671875,106108.0859375,38007870453.0,,,,,,,,,,
2025-06-15,,,,,,Bitcoin,BTC-USD,0.0007548627203146641,,,,,,105552.0234375,106157.1015625,104519.8828125,105464.84375,36744307742.0,,,,,,,,,,
2025-06-16,,,,,,Bitcoin,BTC-USD,0.011792615001237072,,,,,,106796.7578125,108915.375,104997.625,105555.59375,50366626945.0,,,,,,,,,,
2025-06-17,,,,,,Bitcoin,BTC-USD,-0.020559056941174436,,,,,,104601.1171875,107750.1953125,103396.53125,106794.1171875,55964092176.0,,,,,,,,,,
2025-06-18,,,,,,Bitcoin,BTC-USD,0.0026979724986506692,,,,,,104883.328125,105581.8515625,103602.265625,104602.0703125,47318089133.0,,,,,,,,,,
2025-06-19,,,,,,Bitcoin,BTC-USD,-0.0018977187896134229,,,,,,104684.2890625,105250.890625,103940.7734375,104886.7734375,37333806920.0,,,,,,,,,,
2025-06-20,,,,,,Bitcoin,BTC-USD,-0.013131746055793259,,,,,,103309.6015625,106539.3828125,102372.2109375,104681.03125,50951862476.0,,,,,,,,,,
2025-06-21,,,,,,Bitcoin,BTC-USD,-0.010184874363913243,,,,,,102257.40625,104015.78125,100973.0625,103315.078125,38360555118.0,,,,,,,,,,
2025-06-22,,,,,,Bitcoin,BTC-USD,-0.012422235919953284,,,,,,100987.140625,103351.6328125,98286.203125,102212.03125,65536997201.0,,,,,,,,,,
2025-06-23,,,,,,Bitcoin,BTC-USD,0.04545759771084712,,,,,,105577.7734375,106116.859375,99705.75,100987.4765625,65237759656.0,,,,,,,,,,
2025-06-24,,,,,,Bitcoin,BTC-USD,0.004431419225533917,,,,,,106045.6328125,106316.828125,104740.2421875,105571.515625,48822986421.0,,,,,,,,,,
2025-04-28,,,,,,Gold,GC=F,,,,,,,,,,,,3332.5,3332.5,3284.5,3284.5,1300.0,,,,,
2025-04-29,,,,,,Gold,GC=F,-0.0041110131048387455,,,,,,,,,,,3318.800048828125,3340.0,3299.89990234375,3340.0,1278.0,,,,,
2025-04-30,,,,,,Gold,GC=F,-0.004158144095784855,,,,,,,,,,,3305.0,3318.699951171875,3268.0,3318.699951171875,207.0,,,,,
2025-05-01,,,,,,Gold,GC=F,-0.02874432677760963,,,,,,,,,,,3210.0,3275.0,3198.60009765625,3272.89990234375,2131.0,,,,,
2025-05-02,,,,,,Gold,GC=F,0.006822399484034181,,,,,,,,,,,3231.89990234375,3257.0,3225.0,3239.89990234375,1349.0,,,,,
2025-05-05,,,,,,Gold,GC=F,0.024567637885936522,,,,,,,,,,,3311.300048828125,3315.699951171875,3239.699951171875,3242.699951171875,244.0,,,,,
2025-05-06,,,,,,Gold,GC=F,0.03022977442079,,,,,,,,,,,3411.39990234375,3430.89990234375,3356.800048828125,3365.5,2357.0,,,,,
2025-05-07,,,,,,Gold,GC=F,-0.008794043752944014,,,,,,,,,,,3381.39990234375,3418.699951171875,3364.699951171875,3418.699951171875,1080.0,,,,,
2025-05-08,,,,,,Gold,GC=F,-0.025078312869389552,,,,,,,,,,,3296.60009765625,3390.0,3288.699951171875,3390.0,200.0,,,,,
2025-05-09,,,,,,Gold,GC=F,0.011769642522029056,,,,,,,,,,,3335.39990234375,3335.5,3299.0,3299.0,216.0,,,,,
2025-05-12,,,,,,Gold,GC=F,-0.03459852063396052,,,,,,,,,,,3220.0,3300.699951171875,3205.0,3300.699951171875,886.0,,,,,
2025-05-13,,,,,,Gold,GC=F,0.0063043629901009535,,,,,,,,,,,3240.300048828125,3251.39990234375,3223.5,3232.0,2424.0,,,,,
2025-05-14,,,,,,Gold,GC=F,-0.01817737419276233,,,,,,,,,,,3181.39990234375,3233.0,3171.699951171875,3233.0,3518.0,,,,,
2025-05-15,,,,,,Gold,GC=F,0.012353067842610033,,,,,,,,,,,3220.699951171875,3228.10009765625,3125.0,3151.0,652.0,,,,,
2025-05-16,,,,,,Gold,GC=F,-0.012016006383268829,,,,,,,,,,,3182.0,3228.10009765625,3173.89990234375,3227.699951171875,199.0,,,,,
2025-05-19,,,,,,Gold,GC=F,0.01473912707220304,,,,,,,,,,,3228.89990234375,3241.0,3228.300048828125,3234.39990234375,266.0,,,,,
2025-05-20,,,,,,Gold,GC=F,0.015918779782261305,,,,,,,,,,,3280.300048828125,3293.199951171875,3207.5,3219.0,356.0,,,,,
2025-05-21,,,,,,Gold,GC=F,0.008840654686561367,,,,,,,,,,,3309.300048828125,3317.5,3290.199951171875,3293.39990234375,979.0,,,,,
2025-05-22,,,,,,Gold,GC=F,-0.0051370379685032885,,,,,,,,,,,3292.300048828125,3328.0,3282.699951171875,3327.300048828125,1210.0,,,,,
2025-05-23,,,,,,Gold,GC=F,0.021656607165408293,,,,,,,,,,,3363.60009765625,3363.60009765625,3323.5,3328.0,47.0,,,,,
2025-05-27,,,,,,Gold,GC=F,-0.0191758824257805,,,,,,,,,,,3299.10009765625,3341.0,3296.300048828125,3332.5,189.0,,,,,
2025-05-28,,,,,,Gold,GC=F,-0.0016671212867737095,,,,,,,,,,,3293.60009765625,3293.60009765625,3293.60009765625,3293.60009765625,127758.0,,,,,
2025-05-29,,,,,,Gold,GC=F,0.007135049581982633,,,,,,,,,,,3317.10009765625,3328.800048828125,3242.39990234375,3283.699951171875,24370.0,,,,,
2025-05-30,,,,,,Gold,GC=F,-0.008501460457109866,,,,,,,,,,,3288.89990234375,3318.0,3270.89990234375,3315.10009765625,2213.0,,,,,
2025-06-02,,,,,,Gold,GC=F,0.024841192416430236,,,,,,,,,,,3370.60009765625,3380.800048828125,3296.89990234375,3296.89990234375,976.0,,,,,
2025-06-03,,,,,,Gold,GC=F,-0.006052378179944973,,,,,,,,,,,3350.199951171875,3390.0,3331.300048828125,3385.10009765625,6410.0,,,,,
2025-06-04,,,,,,Gold,GC=F,0.006954823344193173,,,,,,,,,,,3373.5,3380.0,3344.0,3355.0,207.0,,,,,
2025-06-05,,,,,,Gold,GC=F,-0.0067585738337409,,,,,,,,,,,3350.699951171875,3400.0,3343.699951171875,3371.5,731.0,,,,,
2025-06-06,,,,,,Gold,GC=F,-0.008356462950437349,,,,,,,,,,,3322.699951171875,3364.300048828125,3306.0,3364.300048828125,81.0,,,,,
2025-06-09,,,,,,Gold,GC=F,0.002829068715957783,,,,,,,,,,,3332.10009765625,3334.60009765625,3290.0,3315.60009765625,1887.0,,,,,
2025-06-10,,,,,,Gold,GC=F,-0.0033613021770798612,,,,,,,,,,,3320.89990234375,3344.300048828125,3302.0,3302.0,65.0,,,,,
2025-06-11,,,,,,Gold,GC=F,0.0001204933891842952,,,,,,,,,,,3321.300048828125,3356.0,3321.300048828125,3328.0,2106.0,,,,,
2025-06-12,,,,,,Gold,GC=F,0.01794473628983151,,,,,,,,,,,3380.89990234375,3395.89990234375,3353.39990234375,3363.0,1818.0,,,,,
2025-06-13,,,,,,Gold,GC=F,0.014877710160320134,,,,,,,,,,,3431.199951171875,3444.0,3407.300048828125,3407.300048828125,499.0,,,,,
2025-06-16,,,,,,Gold,GC=F,-0.010142238669664128,,,,,,,,,,,3396.39990234375,3442.0,3385.39990234375,3442.0,480.0,,,,,
2025-06-17,,,,,,Gold,GC=F,-0.002885350656363417,,,,,,,,,,,3386.60009765625,3398.300048828125,3376.10009765625,3398.300048828125,1477.0,,,,,
2025-06-18,,,,,,Gold,GC=F,0.0009448860448830754,,,,,,,,,,,3389.800048828125,3391.89990234375,3365.10009765625,3385.300048828125,0.0,,,,,
2025-06-20,,,,,,Gold,GC=F,-0.006401543117381503,,,,,,,,,,,3368.10009765625,3372.89990234375,3341.0,3350.0,709.0,,,,,
2025-06-23,,,,,,Gold,GC=F,0.00285022809218316,,,,,,,,,,,3377.699951171875,3387.89990234375,3350.0,3365.89990234375,30.0,,,,,
2025-06-24,,,,,,Gold,GC=F,-0.017852399472962133,,,,,,,,,,,3317.39990234375,3358.0,3301.0,3358.0,30.0,,,,,
2025-04-28,,,,,,Crude Oil,CL=F,,,,,,,,,,,,,,,,,62.04999923706055,63.91999816894531,61.47999954223633,63.4900016784668,276116.0
2025-04-29,,,,,,Crude Oil,CL=F,-0.02626915532888008,,,,,,,,,,,,,,,,60.41999816894531,62.06999969482422,60.119998931884766,61.869998931884766,312373.0
2025-04-30,,,,,,Crude Oil,CL=F,-0.03657727824309254,,,,,,,,,,,,,,,,58.209999084472656,60.43000030517578,57.90999984741211,60.15999984741211,419549.0
2025-05-01,,,,,,Crude Oil,CL=F,0.01769459904129933,,,,,,,,,,,,,,,,59.2400016784668,59.5,56.38999938964844,58.15999984741211,364216.0
2025-05-02,,,,,,Crude Oil,CL=F,-0.01603647427452337,,,,,,,,,,,,,,,,58.290000915527344,59.869998931884766,57.7400016784668,58.9900016784668,322096.0
2025-05-05,,,,,,Crude Oil,CL=F,-0.019900494582135275,,,,,,,,,,,,,,,,57.130001068115234,57.70000076293945,55.29999923706055,56.7599983215332,308387.0
2025-05-06,,,,,,Crude Oil,CL=F,0.03430770257006954,,,,,,,,,,,,,,,,59.09000015258789,59.84000015258789,57.029998779296875,57.25,343893.0
2025-05-07,,,,,,Crude Oil,CL=F,-0.017261811730068133,,,,,,,,,,,,,,,,58.06999969482422,60.2599983215332,57.810001373291016,58.97999954223633,295238.0
2025-05-08,,,,,,Crude Oil,CL=F,0.03168589912618658,,,,,,,,,,,,,,,,59.90999984741211,60.290000915527344,57.7400016784668,57.93000030517578,281000.0
2025-05-09,,,,,,Crude Oil,CL=F,0.018527801922528564,,,,,,,,,,,,,,,,61.02000045776367,61.45000076293945,59.88999938964844,60.25,239640.0
2025-05-12,,,,,,Crude Oil,CL=F,0.015240909508342337,,,,,,,,,,,,,,,,61.95000076293945,63.61000061035156,61.02000045776367,61.38999938964844,325865.0
2025-05-13,,,,,,Crude Oil,CL=F,0.027764283855099103,,,,,,,,,,,,,,,,63.66999816894531,63.900001525878906,61.650001525878906,62.0,258795.0
2025-05-14,,,,,,Crude Oil,CL=F,-0.008167059180473335,,,,,,,,,,,,,,,,63.150001525878906,63.68000030517578,62.75,63.619998931884766,225626.0
2025-05-15,,,,,,Crude Oil,CL=F,-0.02422806899485419,,,,,,,,,,,,,,,,61.619998931884766,62.90999984741211,60.470001220703125,62.880001068115234,258404.0
2025-05-16,,,,,,Crude Oil,CL=F,0.014118837417438801,,,,,,,,,,,,,,,,62.4900016784668,62.709999084472656,61.25,61.70000076293945,121556.0
2025-05-19,,,,,,Crude Oil,CL=F,0.003200463160030642,,,,,,,,,,,,,,,,62.689998626708984,63.400001525878906,61.56999969482422,62.75,95570.0
2025-05-20,,,,,,Crude Oil,CL=F,-0.002073652197570497,,,,,,,,,,,,,,,,62.560001373291016,63.16999816894531,62.189998626708984,62.68000030517578,250414.0
2025-05-21,,,,,,Crude Oil,CL=F,-0.01582483466647533,,,,,,,,,,,,,,,,61.56999969482422,64.19000244140625,61.279998779296875,62.27000045776367,302702.0
2025-05-22,,,,,,Crude Oil,CL=F,-0.006009402853966006,,,,,,,,,,,,,,,,61.20000076293945,61.75,60.25,61.33000183105469,258549.0
2025-05-23,,,,,,Crude Oil,CL=F,0.005392124383064578,,,,,,,,,,,,,,,,61.529998779296875,61.880001068115234,60.02000045776367,60.810001373291016,273392.0
2025-05-27,,,,,,Crude Oil,CL=F,-0.010401420483430623,,,,,,,,,,,,,,,,60.88999938964844,62.13999938964844,60.2599983215332,61.70000076293945,291317.0
2025-05-28,,,,,,Crude Oil,CL=F,0.015601917760914796,,,,,,,,,,,,,,,,61.84000015258789,62.540000915527344,60.849998474121094,61.040000915527344,260374.0
2025-05-29,,,,,,Crude Oil,CL=F,-0.014553711572739103,,,,,,,,,,,,,,,,60.939998626708984,63.06999969482422,60.54999923706055,61.83000183105469,299859.0
2025-05-30,,,,,,Crude Oil,CL=F,-0.0024613999764007133,,,,,,,,,,,,,,,,60.790000915527344,61.720001220703125,59.7400016784668,60.939998626708984,384927.0
2025-06-02,,,,,,Crude Oil,CL=F,0.028458620104979238,,,,,,,,,,,,,,,,62.52000045776367,63.880001068115234,61.060001373291016,61.11000061035156,403580.0
2025-06-03,,,,,,Crude Oil,CL=F,0.014235434790978552,,,,,,,,,,,,,,,,63.40999984741211,63.88999938964844,62.400001525878906,63.02000045776367,291260.0
2025-06-04,,,,,,Crude Oil,CL=F,-0.008831436281952154,,,,,,,,,,,,,,,,62.849998474121094,63.959999084472656,62.16999816894531,63.36000061035156,321128.0
2025-06-05,,,,,,Crude Oil,CL=F,0.00827367494651221,,,,,,,,,,,,,,,,63.369998931884766,63.97999954223633,62.5,62.7599983215332,232423.0
2025-06-06,,,,,,Crude Oil,CL=F,0.019094254687782586,,,,,,,,,,,,,,,,64.58000183105469,64.80000305175781,62.81999969482422,63.33000183105469,310133.0
2025-06-09,,,,,,Crude Oil,CL=F,0.010994101336975204,,,,,,,,,,,,,,,,65.29000091552734,65.43000030517578,64.19999694824219,64.80000305175781,235900.0
2025-06-10,,,,,,Crude Oil,CL=F,-0.004748009714302559,,,,,,,,,,,,,,,,64.9800033569336,66.27999877929688,64.56999969482422,65.45999908447266,279021.0
2025-06-11,,,,,,Crude Oil,CL=F,0.048784210606031886,,,,,,,,,,,,,,,,68.1500015258789,68.37000274658203,64.5999984741211,64.76000213623047,378473.0
2025-06-12,,,,,,Crude Oil,CL=F,-0.0016140954935971452,,,,,,,,,,,,,,,,68.04000091552734,69.29000091552734,66.72000122070312,69.02999877929688,379394.0
2025-06-13,,,,,,Crude Oil,CL=F,0.07260438528710988,,,,,,,,,,,,,,,,72.9800033569336,77.62000274658203,68.48999786376953,68.9000015258789,715652.0
2025-06-16,,,,,,Crude Oil,CL=F,-0.016579976133314744,,,,,,,,,,,,,,,,71.7699966430664,77.48999786376953,69.37999725341797,76.54000091552734,367312.0
2025-06-17,,,,,,Crude Oil,CL=F,0.042775530701112396,,,,,,,,,,,,,,,,74.83999633789062,75.54000091552734,71.0,71.11000061035156,154264.0
2025-06-18,,,,,,Crude Oil,CL=F,0.00400859254994268,,,,,,,,,,,,,,,,75.13999938964844,76.06999969482422,72.94000244140625,75.61000061035156,0.0
2025-06-20,,,,,,Crude Oil,CL=F,-0.0027947709100140106,,,,,,,,,,,,,,,,74.93000030517578,77.58000183105469,74.30000305175781,74.5999984741211,678377.0
2025-06-23,,,,,,Crude Oil,CL=F,-0.08567994318427696,,,,,,,,,,,,,,,,68.51000213623047,78.4000015258789,66.5999984741211,78.0,728868.0
2025-06-24,,,,,,Crude Oil,CL=F,-0.060429123639729965,,,,,,,,,,,,,,,,64.37000274658203,67.83000183105469,64.0,67.73999786376953,728868.0
